{"swagger":"2.0","info":{"version":"1.0.0","title":"Node.JS Application","description":"Project","termsOfService":"http://swagger.io/terms/","contact":{"name":"Node.JS Team"},"license":{"name":"MIT"}},"paths":{"/v1/serverStatus":{"get":{"tags":["TEST"],"summary":"Route to check server is working fine or not?","responses":{"200":{"description":"success"}},"parameters":[]}},"/v1/user/signup":{"post":{"tags":["USER"],"summary":"Route to user singup","responses":{"200":{"description":"success"}},"parameters":[{"in":"body","name":"body","schema":{"$ref":"#/definitions/UserSignup"}}]}},"/v1/user/login":{"post":{"tags":["USER"],"summary":"Route to login a user","responses":{"200":{"description":"success"}},"parameters":[{"in":"body","name":"body","schema":{"$ref":"#/definitions/LoginUser"}}]}},"/v1/user/resetPass":{"post":{"tags":["USER"],"summary":"Route to reset password of a user using old password","responses":{"200":{"description":"success"}},"parameters":[{"in":"body","name":"body","schema":{"$ref":"#/definitions/ResetPass"}}]}},"/v1/user/resetPass/sendOTP":{"post":{"tags":["USER"],"summary":"Route to send otp for reseting password of a user","responses":{"200":{"description":"success"}},"parameters":[{"in":"body","name":"body","schema":{"$ref":"#/definitions/SendOTP"}}]}},"/v1/user/resetPass/verifyOTP":{"post":{"tags":["USER"],"summary":"Route to verify OTP for reseting password of a user","responses":{"200":{"description":"success"}},"parameters":[{"in":"body","name":"body","schema":{"$ref":"#/definitions/VerifyOTP"}}]}},"/v1/user/updateProfile":{"post":{"tags":["USER"],"summary":"Route to update profile of a user","responses":{"200":{"description":"success"}},"parameters":[{"in":"body","name":"body","schema":{"$ref":"#/definitions/UpdateProfile"}},{"in":"header","name":"authorization","type":"string","description":"user's token","required":true}]}}},"definitions":{"UserSignup":{"type":"object","properties":{"email":{"type":"string","pattern":"^\\w+([\\.-]?\\w+)*@\\w+([\\.-]?\\w+)*(\\.\\w{2,3})+$","description":"user's email"},"phone":{"anyOf":[{"type":"string","pattern":"^\\+\\d{1,3}\\d{8,10}$","description":"user's phone"},{"type":"string","pattern":"^\\+\\d{1,3}\\d{8,10}$","description":"user's phone","x-required":true}]},"password":{"type":"string","pattern":"^(?=.{8,})(?=.*[a-z])(?=.*[0-9])(?=.*[A-Z])(?=.*[@#$%^&+=]).*$","description":"user's password"}},"required":["password"],"additionalProperties":false},"LoginUser":{"type":"object","properties":{"id":{"type":"string","description":"user's email or phone"},"password":{"type":"string","pattern":"^(?=.{8,})(?=.*[a-z])(?=.*[0-9])(?=.*[A-Z])(?=.*[@#$%^&+=]).*$","description":"user's password"}},"required":["id","password"],"additionalProperties":false},"ResetPass":{"type":"object","properties":{"id":{"type":"string","description":"user's email or phone"},"oldPassword":{"type":"string","pattern":"^(?=.{8,})(?=.*[a-z])(?=.*[0-9])(?=.*[A-Z])(?=.*[@#$%^&+=]).*$","description":"user's old password"},"newPassword":{"type":"string","pattern":"^(?=.{8,})(?=.*[a-z])(?=.*[0-9])(?=.*[A-Z])(?=.*[@#$%^&+=]).*$","description":"user's new password"}},"required":["id","oldPassword","newPassword"],"additionalProperties":false},"SendOTP":{"type":"object","properties":{"id":{"type":"string","description":"user's email or phone"}},"required":["id"],"additionalProperties":false},"VerifyOTP":{"type":"object","properties":{"id":{"type":"string","description":"user's email or phone"},"otp":{"type":"string","description":"OTP"},"newPassword":{"type":"string","pattern":"^(?=.{8,})(?=.*[a-z])(?=.*[0-9])(?=.*[A-Z])(?=.*[@#$%^&+=]).*$","description":"user's new password"}},"required":["id","otp","newPassword"],"additionalProperties":false},"UpdateProfile":{"type":"object","properties":{"email":{"type":"string","pattern":"^\\w+([\\.-]?\\w+)*@\\w+([\\.-]?\\w+)*(\\.\\w{2,3})+$","description":"user's email"},"phone":{"type":"string","pattern":"^\\+\\d{1,3}\\d{8,10}$","description":"user's phone"},"userName":{"type":"string","description":"user's user name"},"firstName":{"type":"string","description":"user's first name"},"lastName":{"type":"string","description":"user's last name"},"city":{"type":"string","description":"user's city"},"country":{"type":"string","description":"user's country"}},"additionalProperties":false}},"schemes":["http","https"],"consumes":["application/json"],"produces":["application/json"],"securityDefinitions":{"apiKey":{"type":"apiKey","in":"header","name":"X-API-KEY"}},"security":[{"apiKey":[]}]}